{
    "look_back": 10,
    "based_model": "lstm",
    "inner_lr": 0.001,
    "outer_lr": 0.005,
    "train_loss": [
        0.6969344019889832,
        0.6979443430900574,
        0.6965427398681641,
        0.7020564675331116,
        0.7007188200950623,
        0.6961032152175903,
        0.6949782371520996,
        0.693644106388092,
        0.6947104334831238,
        0.697098433971405,
        0.6943986415863037,
        0.6984587907791138,
        0.6939540505409241,
        0.6904471516609192,
        0.6929143071174622,
        0.6952225565910339,
        0.6933677792549133,
        0.6916161179542542,
        0.6957384943962097,
        0.6935768723487854,
        0.6936745047569275,
        0.6939715147018433,
        0.6940306425094604,
        0.6933509111404419,
        0.6961560845375061,
        0.6940062642097473,
        0.6926655173301697,
        0.6924819946289062,
        0.6940450072288513,
        0.6926799416542053,
        0.6937999129295349,
        0.6917701363563538,
        0.6927638053894043,
        0.6917666792869568,
        0.6935429573059082,
        0.6936291456222534,
        0.6924134492874146,
        0.6919564604759216,
        0.6925148367881775,
        0.6924235820770264,
        0.6945311427116394,
        0.6909871101379395,
        0.6934893727302551,
        0.6919205784797668,
        0.6932418942451477,
        0.6919090151786804,
        0.6932150721549988,
        0.6920650601387024,
        0.6927503347396851,
        0.691131055355072,
        0.6902965307235718,
        0.6915090680122375,
        0.6894600987434387,
        0.6911327838897705,
        0.6878025531768799,
        0.6910738945007324,
        0.6894566416740417,
        0.6891825199127197,
        0.6896893978118896,
        0.6877906918525696,
        0.6879953145980835,
        0.6889880895614624,
        0.6844380497932434,
        0.6814602613449097,
        0.6835616827011108,
        0.6851885914802551,
        0.6785327792167664,
        0.6874291300773621,
        0.6791220903396606,
        0.683744490146637,
        0.6804192066192627,
        0.6749752759933472,
        0.6781861782073975,
        0.6779400706291199,
        0.6606724262237549,
        0.692366361618042,
        0.6723746061325073,
        0.6553535461425781,
        0.6569200754165649,
        0.6638429164886475,
        0.6405945420265198,
        0.6425327658653259,
        0.6093511581420898,
        0.6709981560707092,
        0.6307083964347839,
        0.6421504020690918,
        0.6311858296394348,
        0.6348317861557007,
        0.6209271550178528,
        0.6720230579376221,
        0.6180227994918823,
        0.5818386673927307,
        0.6255190968513489,
        0.6236107349395752,
        0.6060414910316467,
        0.5964036583900452,
        0.5398768782615662,
        0.6599527597427368,
        0.5698525309562683,
        0.5399880409240723
    ],
    "train_acc": [
        0.5083038210868835,
        0.5085233449935913,
        0.5084575414657593,
        0.5076039433479309,
        0.5066077709197998,
        0.5062957406044006,
        0.5063591599464417,
        0.5063918232917786,
        0.5064753293991089,
        0.5064783096313477,
        0.5062261819839478,
        0.5058309435844421,
        0.505537748336792,
        0.5064409375190735,
        0.506889820098877,
        0.5068500638008118,
        0.5062605142593384,
        0.5061901807785034,
        0.5065842270851135,
        0.5066155195236206,
        0.507113516330719,
        0.5071119666099548,
        0.5070746541023254,
        0.5068633556365967,
        0.5068250894546509,
        0.5069634318351746,
        0.5069889426231384,
        0.5071001648902893,
        0.5069895386695862,
        0.5070208311080933,
        0.5074894428253174,
        0.5074869394302368,
        0.5077985525131226,
        0.5077981948852539,
        0.5080803036689758,
        0.5080175995826721,
        0.507983386516571,
        0.5082106590270996,
        0.5082467198371887,
        0.5087156891822815,
        0.5087608098983765,
        0.5088794827461243,
        0.5089651942253113,
        0.5094378590583801,
        0.509961724281311,
        0.5100582838058472,
        0.5103891491889954,
        0.5106084942817688,
        0.5109637379646301,
        0.5110217928886414,
        0.5114676356315613,
        0.5121056437492371,
        0.5125740170478821,
        0.5129920244216919,
        0.5135930776596069,
        0.5140926241874695,
        0.514539897441864,
        0.5150346159934998,
        0.5154209733009338,
        0.5156835913658142,
        0.5163044333457947,
        0.5171618461608887,
        0.5181185007095337,
        0.5195402503013611,
        0.5209704637527466,
        0.5225704908370972,
        0.5235241055488586,
        0.5245147347450256,
        0.5250573754310608,
        0.525993287563324,
        0.5271710753440857,
        0.5280263423919678,
        0.52889484167099,
        0.5296642780303955,
        0.5306767225265503,
        0.5315856337547302,
        0.5320500731468201,
        0.5329481363296509,
        0.5339022874832153,
        0.5351812243461609,
        0.5363998413085938,
        0.5374673008918762,
        0.5391795039176941,
        0.5405449867248535,
        0.541082501411438,
        0.5427112579345703,
        0.5436049699783325,
        0.544643223285675,
        0.5456545948982239,
        0.5467815399169922,
        0.5471461415290833,
        0.54874187707901,
        0.5499664545059204,
        0.5507645010948181,
        0.5513372421264648,
        0.552796483039856,
        0.5540310144424438,
        0.5551126599311829,
        0.555389404296875,
        0.5569810271263123
    ],
    "val_loss": [
        0.6956905722618103,
        0.6973426938056946,
        0.6940577626228333,
        0.6937387585639954,
        0.6935687065124512,
        0.6935880184173584,
        0.693472683429718,
        0.6932579874992371,
        0.6930466890335083,
        0.692855954170227,
        0.6925925612449646,
        0.6924093961715698,
        0.6920706629753113,
        0.6914064288139343,
        0.690035343170166,
        0.6879847645759583,
        0.6851682662963867,
        0.6818491220474243,
        0.6784080862998962,
        0.6739768385887146,
        0.6739751100540161
    ],
    "val_acc": [
        0.5054610967636108,
        0.5063998699188232,
        0.5061043500900269,
        0.506799042224884,
        0.5066496133804321,
        0.5065621733665466,
        0.5072101950645447,
        0.5078728795051575,
        0.5087602734565735,
        0.5097898244857788,
        0.5111407041549683,
        0.5139293670654297,
        0.5158376693725586,
        0.5217075943946838,
        0.5264819860458374,
        0.5314070582389832,
        0.5356050729751587,
        0.5419161915779114,
        0.5466469526290894,
        0.5519145727157593,
        0.5576158165931702
    ]
}