{
    "look_back": 20,
    "based_model": "lstm",
    "inner_lr": 0.005,
    "outer_lr": 0.0055,
    "train_loss": [
        0.734831690788269,
        0.7006958723068237,
        0.8128417730331421,
        0.7175573110580444,
        0.7019518613815308,
        0.7031673192977905,
        0.6991831064224243,
        0.6913348436355591,
        0.7064144611358643,
        0.7020225524902344,
        0.6696385145187378,
        0.6958216428756714,
        0.699155867099762,
        0.7768563628196716,
        0.7040868997573853,
        0.714348554611206,
        0.6671093702316284,
        0.658433735370636,
        0.6766981482505798,
        0.6961557269096375,
        0.6700111031532288,
        0.6843117475509644,
        0.678117573261261,
        0.6311882734298706,
        0.6863133907318115,
        0.6702959537506104,
        0.6823322772979736,
        0.6233760118484497,
        0.6818078756332397,
        0.6756616830825806,
        0.6422165036201477,
        0.6880760192871094,
        0.590734601020813,
        0.6888242363929749,
        0.6369068026542664,
        0.6360334157943726,
        0.6125447750091553,
        0.7025371193885803,
        0.5875804424285889,
        0.6164345741271973,
        0.6151639819145203,
        0.6930901408195496,
        0.6850766539573669,
        0.6410052180290222,
        0.7132061719894409,
        0.6695822477340698,
        0.7112157940864563,
        0.697688102722168,
        0.6835335493087769,
        0.6512471437454224,
        0.6212481260299683,
        0.651637613773346,
        0.6025263667106628,
        0.645073652267456,
        0.6167648434638977,
        0.6238285899162292,
        0.7256725430488586,
        0.6841599345207214,
        0.5912490487098694,
        0.6464670896530151,
        0.71554034948349,
        0.6961332559585571,
        0.5986442565917969,
        0.6079465746879578,
        0.6838860511779785,
        0.7265540957450867,
        0.7656979560852051,
        0.6501761674880981,
        0.6823794841766357,
        0.6508858799934387,
        0.6556410789489746,
        0.6794813871383667,
        0.6043567657470703,
        0.6863067150115967,
        0.7059334516525269,
        0.672283947467804,
        0.5990278124809265,
        0.6017929911613464,
        0.686905026435852,
        0.6430692672729492,
        0.6416952610015869,
        0.6965488195419312,
        0.6614702343940735,
        0.582131028175354,
        0.6949374675750732,
        0.7231460809707642,
        0.6399257779121399,
        0.6465698480606079,
        0.58113694190979,
        0.6439881324768066,
        0.6427049040794373,
        0.67137610912323,
        0.6122364401817322,
        0.6133666038513184,
        0.6603139042854309,
        0.7098840475082397,
        0.706641674041748,
        0.6233419179916382,
        0.6513155698776245,
        0.5905780792236328
    ],
    "train_acc": [
        0.5149550557136535,
        0.500074815750122,
        0.49913625717163085,
        0.4993409514427185,
        0.49990235567092894,
        0.5014256000518799,
        0.5023704171180725,
        0.5042692184448242,
        0.5049233913421631,
        0.5050420641899109,
        0.5092625260353089,
        0.5113447308540344,
        0.5115256428718566,
        0.5125953316688537,
        0.5132141709327698,
        0.5174346804618836,
        0.5189101219177246,
        0.5215993165969849,
        0.5241130948066711,
        0.5251105070114136,
        0.5341660380363464,
        0.5347493171691895,
        0.5349314451217652,
        0.5369210600852966,
        0.5385688662528991,
        0.5468331336975097,
        0.5472065091133118,
        0.5483816742897034,
        0.5495748877525329,
        0.5493683338165283,
        0.5555818915367127,
        0.5563169479370117,
        0.5578876733779907,
        0.5587698817253113,
        0.5593016743659973,
        0.5664523124694825,
        0.5681535363197326,
        0.5687268495559692,
        0.5706281542778016,
        0.5716618895530701,
        0.5770431399345398,
        0.5776712536811829,
        0.5772843837738038,
        0.5776153087615967,
        0.577115261554718,
        0.5808112621307373,
        0.5814703226089477,
        0.5814420700073242,
        0.5811412930488586,
        0.5809816837310791,
        0.5853199362754822,
        0.5853909969329834,
        0.5861352801322937,
        0.5864818215370178,
        0.5865222454071045,
        0.5905381560325622,
        0.5908206343650818,
        0.5903021574020386,
        0.5907016038894654,
        0.5913120031356811,
        0.5941944479942322,
        0.5937564611434937,
        0.5939670085906983,
        0.5943683862686158,
        0.5945196747779846,
        0.596857488155365,
        0.5964604020118713,
        0.5963534832000732,
        0.5961564660072327,
        0.5959126830101014,
        0.5984740018844604,
        0.5983157515525818,
        0.5985414624214173,
        0.5987155079841614,
        0.5980906844139099,
        0.6010290145874023,
        0.6009426712989807,
        0.6014645218849182,
        0.6017518162727356,
        0.601588249206543,
        0.6042317152023315,
        0.6046436190605163,
        0.6048513650894165,
        0.6051085114479064,
        0.605049979686737,
        0.6067590236663818,
        0.6064718961715698,
        0.6067469239234924,
        0.6069065809249878,
        0.6069732427597045,
        0.6090183854103088,
        0.6091110467910766,
        0.609324061870575,
        0.6097868084907532,
        0.609415590763092,
        0.6112088561058044,
        0.610849130153656,
        0.6108753442764282,
        0.6110700011253357,
        0.611209487915039
    ],
    "val_loss": [
        0.729350745677948,
        0.7068463563919067,
        0.6985210180282593,
        0.6867177486419678,
        0.6602725386619568,
        0.6303800940513611,
        0.6446322202682495,
        0.6005627512931824,
        0.5960459113121033,
        0.5860681533813477,
        0.5778247117996216,
        0.5668153166770935,
        0.5739666819572449,
        0.5941828489303589,
        0.5678859949111938,
        0.5554230213165283,
        0.558896005153656,
        0.5648840665817261,
        0.5577386021614075,
        0.5659596920013428,
        0.58872389793396
    ],
    "val_acc": [
        0.4990296244621277,
        0.5007547537485758,
        0.5059245944023132,
        0.5155756831169128,
        0.5291499733924866,
        0.5426421761512756,
        0.552669084072113,
        0.5625654141108195,
        0.5743702610333761,
        0.5788430492083232,
        0.5831273635228474,
        0.5883952140808105,
        0.5927053372065226,
        0.5958636442820231,
        0.5969858527183532,
        0.5993754267692566,
        0.6027769009272258,
        0.605858854452769,
        0.6080583810806275,
        0.61056147813797,
        0.612307087580363
    ],
    "val_std_loss": [
        0.06836139410734177,
        0.012389184907078743,
        0.008354641497135162,
        0.010975944809615612,
        0.03370291367173195,
        0.046560321003198624,
        0.10336761921644211,
        0.07334614545106888,
        0.07061146199703217,
        0.06876294314861298,
        0.07958339899778366,
        0.09164087474346161,
        0.08151070773601532,
        0.07440406084060669,
        0.09020403772592545,
        0.08845173567533493,
        0.08733589202165604,
        0.08681894093751907,
        0.08586184680461884,
        0.08654507994651794,
        0.10154032707214355
    ],