{
    "look_back": 20,
    "based_model": "lstm_cnn",
    "inner_lr": 0.005,
    "outer_lr": 0.005,
    "train_loss": [
        0.7117069959640503,
        0.8182721138000488,
        0.7158722281455994,
        0.7158317565917969,
        0.6970962285995483,
        0.6661022901535034,
        0.7050963640213013,
        0.7003049850463867,
        0.6868454813957214,
        0.7199806571006775,
        0.6646676063537598,
        0.7613366842269897,
        0.6950520873069763,
        0.6684363484382629,
        0.7585972547531128,
        0.6226430535316467,
        0.6098611950874329,
        0.6700543165206909,
        0.612215518951416,
        0.5963107347488403,
        0.617231011390686,
        0.6123037338256836,
        0.6443647742271423,
        0.6160239577293396,
        0.6459361910820007,
        0.645283043384552,
        0.7591628432273865,
        0.6048921942710876,
        0.7570177316665649,
        0.5998703241348267,
        0.6912320852279663,
        0.6538181304931641,
        0.659992516040802,
        0.6991543173789978,
        0.6015440821647644,
        0.6367594003677368,
        0.7315853834152222,
        0.607060432434082,
        0.6654305458068848,
        0.6105415225028992,
        0.7272588014602661,
        0.6462540030479431,
        0.6459008455276489,
        0.6977381706237793,
        0.668097198009491,
        0.6735741496086121,
        0.7083379030227661,
        0.7168517112731934,
        0.6557788848876953,
        0.5870543718338013,
        0.6623252630233765,
        0.6391914486885071,
        0.6212564706802368,
        0.7053264379501343,
        0.6925230026245117,
        0.6157337427139282,
        0.6748822927474976,
        0.7182012796401978,
        0.6678076982498169,
        0.6432102918624878,
        0.7316075563430786,
        0.720994770526886,
        0.7490624189376831,
        0.7020518183708191,
        0.7246969938278198,
        0.7019420862197876,
        0.6567838191986084,
        0.7457794547080994,
        0.6530143022537231,
        0.7188529372215271,
        0.7455207109451294,
        0.6016930937767029,
        0.6641453504562378,
        0.7283869981765747,
        0.6511762142181396,
        0.6325932741165161,
        0.6399738788604736,
        0.6538362503051758,
        0.6600576639175415,
        0.7428240180015564,
        0.7682469487190247,
        0.7668684720993042,
        0.6372480988502502,
        0.6709579229354858,
        0.617721438407898,
        0.7200387716293335,
        0.5851618051528931,
        0.7579530477523804,
        0.6321312189102173,
        0.6543222665786743,
        0.7836025953292847,
        0.7119049429893494,
        0.6052180528640747,
        0.5889215469360352,
        0.6379572153091431,
        0.8015437126159668,
        0.7598888278007507,
        0.8062378168106079,
        0.6853801012039185,
        0.6813364028930664
    ],
    "train_acc": [
        0.5073689222335815,
        0.4988926112651825,
        0.4991073191165924,
        0.5023307800292969,
        0.5027639508247376,
        0.5089141845703125,
        0.5142674803733825,
        0.5140857338905335,
        0.5154551506042481,
        0.5159480214118958,
        0.522411584854126,
        0.5244086384773254,
        0.52523273229599,
        0.5264197587966919,
        0.5277239561080933,
        0.5413074731826782,
        0.5458233118057251,
        0.5465638041496277,
        0.5496748089790344,
        0.5525753736495972,
        0.5654351711273193,
        0.5670462369918823,
        0.5681265354156494,
        0.570311450958252,
        0.5714649438858033,
        0.5811113357543946,
        0.5811924934387207,
        0.5810806751251221,
        0.5830361127853394,
        0.5843361139297485,
        0.5901616811752319,
        0.5897875785827636,
        0.5895567297935486,
        0.5900360941886902,
        0.5911842703819274,
        0.597704803943634,
        0.5976516842842102,
        0.5979576826095581,
        0.5983314156532288,
        0.5993512749671936,
        0.6040506720542907,
        0.6034212231636047,
        0.6040479302406311,
        0.6028872847557067,
        0.6034688591957093,
        0.6070242762565613,
        0.6072320461273193,
        0.6069234609603882,
        0.6070705890655518,
        0.6069844365119934,
        0.6105109214782715,
        0.6109330296516419,
        0.6109802603721619,
        0.6109665751457214,
        0.6101145386695862,
        0.6128694415092468,
        0.6132041692733765,
        0.6127053499221802,
        0.6123681545257569,
        0.6125717878341674,
        0.6151692867279053,
        0.6143723130226135,
        0.6140829801559449,
        0.6138280510902405,
        0.6135435819625854,
        0.6152718305587769,
        0.6147785425186157,
        0.6145736575126648,
        0.6145578026771545,
        0.6137637138366699,
        0.6156906485557556,
        0.6156349420547486,
        0.6158247947692871,
        0.6160868048667908,
        0.615802812576294,
        0.618035101890564,
        0.618380069732666,
        0.6184614181518555,
        0.6183012127876282,
        0.6178008913993835,
        0.6191576600074769,
        0.6192971229553222,
        0.6193171501159668,
        0.6192546486854553,
        0.6193697571754455,
        0.6212145924568176,
        0.6213454842567444,
        0.6211830973625183,
        0.6209004759788513,
        0.6210291504859924,
        0.6219606161117553,
        0.6220391869544983,
        0.6220615983009339,
        0.6224532127380371,
        0.6228820443153381,
        0.6242379426956177,
        0.6237964987754822,
        0.6236858606338501,
        0.6232824444770813,
        0.6231113195419311
    ],
    "val_loss": [
        0.8058955073356628,
        0.698962390422821,
        0.6890385746955872,
        0.639083743095398,
        0.6123971343040466,
        0.5921553373336792,
        0.5980395078659058,
        0.5697339773178101,
        0.5809784531593323,
        0.5786303281784058,
        0.622481107711792,
        0.5799435973167419,
        0.5798091888427734,
        0.5935115814208984,
        0.5646113753318787,
        0.5764780640602112,
        0.5895455479621887,
        0.6413450837135315,
        0.6230697631835938,
        0.5894467830657959,
        0.5748783349990845
    ],
    "val_acc": [
        0.5001604894797007,
        0.5029799858729045,
        0.5194564064343771,
        0.5342354734738668,
        0.5591752688090007,
        0.5761816541353861,
        0.5874073584874471,
        0.5949743628501892,
        0.6019689639409384,
        0.6053692261377971,
        0.6090770602226258,
        0.6113652388254801,
        0.6140694538752238,
        0.6142829259236654,
        0.6146322369575501,
        0.6167828639348348,
        0.6184311389923096,
        0.620292619864146,
        0.6215993324915569,
        0.6236735184987386,
        0.623931364218394
    ],
    "val_std_loss": [
        0.20977093279361725,
        0.008096940815448761,
        0.02392689138650894,
        0.03816749155521393,
        0.0651651918888092,
        0.09217255562543869,
        0.08757113665342331,
        0.08609573543071747,
        0.07521732151508331,
        0.11235833913087845,
        0.11442212760448456,
        0.08141180872917175,
        0.07602022588253021,
        0.09665854275226593,
        0.10006874054670334,
        0.07996582984924316,
        0.08417555689811707,
        0.1875823587179184,
        0.1476363092660904,
        0.09274294227361679,
        0.10768910497426987
    ],