{"look_back": 20, "based_model": "lstm", "inner_lr": 0.005, "outer_lr": 0.005, "train_loss": [0.7356894254684448, 0.6984388709068299, 0.7052943229675293, 0.6999990105628967, 0.6980554103851319, 0.6954011082649231, 0.7050089001655578, 0.7003618121147156, 0.6932265400886536, 0.6953293800354003, 0.7048519730567933, 0.6937196373939514, 0.6961014628410339, 0.711404550075531, 0.6951467275619507, 0.6949525594711303, 0.696649146080017, 0.7001397252082825, 0.6957549095153809, 0.693711805343628, 0.6994128704071045, 0.6903901934623718, 0.7004835128784179, 0.6930191874504089, 0.6887151956558227, 0.6954065799713135, 0.6958505392074585, 0.6796235561370849, 0.6810174703598022, 0.6921298384666443, 0.6727975606918335, 0.6850966453552246, 0.6930633783340454, 0.6939516425132751, 0.6883379936218261, 0.6800270318984986, 0.6820529937744141, 0.6736039400100708, 0.6777028203010559, 0.6679745435714721, 0.6703438997268677, 0.678055489063263, 0.6774407625198364, 0.6882719039916992, 0.6621371746063233, 0.6754328846931458, 0.6502224683761597, 0.6554990530014038, 0.6511895060539246, 0.6812423229217529, 0.6594254732131958, 0.6867156505584717, 0.6504275441169739, 0.7122708797454834, 0.6588192343711853, 0.6695659637451172, 0.655355429649353, 0.6374032020568847, 0.6229921698570251, 0.6701097607612609, 0.6778762102127075, 0.6806666374206543, 0.622130811214447, 0.6321107149124146, 0.6949930310249328, 0.6335200548171998, 0.6310759425163269, 0.6358241200447082, 0.622011125087738, 0.6589272379875183, 0.6332404732704162, 0.6558391332626343, 0.6010949492454529, 0.5874028086662293, 0.6025520205497742, 0.6237196445465087, 0.6701995968818665, 0.5848262190818787, 0.5957771897315979, 0.6050307631492615, 0.6020208597183228, 0.663538146018982, 0.622201144695282, 0.6245159983634949, 0.5835207223892211, 0.6358248949050903, 0.639410549402237, 0.6703448414802551, 0.5862815201282501, 0.5939672708511352, 0.6688095331192017, 0.6687813401222229, 0.5896668672561646, 0.6090703725814819, 0.574178034067154, 0.5995717644691467, 0.6145010709762573, 0.6105669856071472, 0.6131558179855346, 0.632788896560669], "train_acc": [0.4935706198215485, 0.4996004104614258, 0.5001603960990906, 0.5012426018714905, 0.5019648432731628, 0.5016054272651672, 0.5020894765853882, 0.5028618216514588, 0.5036511778831482, 0.5038852453231811, 0.5044610738754273, 0.5060347795486451, 0.5082106828689575, 0.5079278349876404, 0.5079357028007507, 0.5083313226699829, 0.5086043953895569, 0.5089086532592774, 0.5099157810211181, 0.509663462638855, 0.5101058006286621, 0.5106979727745056, 0.5109178900718689, 0.5112639784812927, 0.5122294664382935, 0.5133992552757263, 0.5142565369606018, 0.5152832508087158, 0.516421914100647, 0.5171032786369324, 0.5190617442131042, 0.5203504920005798, 0.5208619952201843, 0.5215923428535462, 0.5221532821655274, 0.5237262606620788, 0.525092089176178, 0.5260688900947571, 0.5267386674880982, 0.5277115941047669, 0.5300404906272889, 0.5305554032325744, 0.5314032196998596, 0.5321080446243286, 0.5333138346672058, 0.5351320624351501, 0.5361581563949585, 0.5377953171730041, 0.5390842437744141, 0.5399985313415527, 0.5410835146903992, 0.541498601436615, 0.5421342611312866, 0.542364525794983, 0.5430557012557984, 0.5441570520401001, 0.5449833869934082, 0.5458639979362487, 0.5471259593963623, 0.5480521082878113, 0.5496404528617859, 0.5500439524650573, 0.5509859085083008, 0.5519205212593079, 0.552511465549469, 0.5536902666091919, 0.5547194838523865, 0.5555189847946167, 0.5567354083061218, 0.5575146079063416, 0.5590031147003174, 0.5592891097068786, 0.5603030920028687, 0.5617117285728455, 0.5627140522003173, 0.5645318508148194, 0.5649739265441894, 0.565811288356781, 0.5672524690628051, 0.5683228611946106, 0.5697998404502869, 0.5704142570495605, 0.5708389043807983, 0.5716379046440124, 0.5724678993225097, 0.5737378478050232, 0.5744363069534302, 0.5747525334358216, 0.5755653738975525, 0.5763819217681885, 0.5773181438446044, 0.5778629183769226, 0.578183650970459, 0.5789065480232238, 0.5797873973846436, 0.5809495568275451, 0.5813894391059875, 0.5819183826446533, 0.5826623558998107, 0.5828257918357849], "val_loss": [0.7268468896547954, 0.7085527102152507, 0.7084380944569906, 0.7051342606544495, 0.6998003641764323, 0.7034703453381856, 0.6991239666938782, 0.7064516107241313, 0.6898915807406107, 0.6839704751968384, 0.6861773689587911, 0.6769615769386291, 0.6763350645701091, 0.6800179958343506, 0.6649506171544393, 0.6688170472780863, 0.6650906443595886, 0.6585718671480815, 0.6603501995404562, 0.6579798221588135, 0.6540066401163737], "val_acc": [0.49508316318194073, 0.501062254110972, 0.5040918310483297, 0.5081141710281372, 0.5097695072491963, 0.5127350846926372, 0.5179113547007242, 0.5229840199152629, 0.5287917653719584, 0.5340834538141886, 0.5404099424680074, 0.5438327630360921, 0.5489888072013855, 0.5527425448099772, 0.5580601374308268, 0.5636908729871114, 0.5690415024757385, 0.573402206103007, 0.5770115375518798, 0.5804009159406026, 0.5833436012268066]}