{"look_back": 30, "based_model": "lstm", "inner_lr": 0.001, "outer_lr": 0.005, "train_loss": [0.7061697959899902, 0.6965353608131408, 0.7011113882064819, 0.6959867358207703, 0.7008625030517578, 0.6956568002700806, 0.6971345543861389, 0.6958763360977173, 0.6948828577995301, 0.6975418329238892, 0.696159553527832, 0.6940103530883789, 0.6958850741386413, 0.698710823059082, 0.6945120811462402, 0.6940248489379883, 0.693725872039795, 0.6947875022888184, 0.6929898619651794, 0.6956386208534241, 0.6942266821861267, 0.694609522819519, 0.6968853831291199, 0.69395512342453, 0.6927997946739197, 0.69518141746521, 0.6928973197937012, 0.6935904026031494, 0.6941826820373536, 0.6940042734146118, 0.6949704766273499, 0.6954149723052978, 0.6943341016769409, 0.6928812146186829, 0.6947391748428344, 0.6960708022117614, 0.6954081654548645, 0.6936196446418762, 0.6925131559371949, 0.6936808466911316, 0.6924123644828797, 0.6935189008712769, 0.6922918319702148, 0.6914956331253052, 0.6938040971755981, 0.6917277097702026, 0.6933921933174133, 0.693126130104065, 0.6904775023460388, 0.6902787208557128, 0.694276773929596, 0.6930548429489136, 0.6914002656936645, 0.6854784965515137, 0.6899878501892089, 0.6885066270828247, 0.6888810992240906, 0.6788698911666871, 0.6822582364082337, 0.6866716742515564, 0.6753416895866394, 0.6780132174491882, 0.6819314002990723, 0.6738739013671875, 0.6874117136001587, 0.6681295037269592, 0.6753266334533692, 0.6607364177703857, 0.6516536593437194, 0.6565406560897827, 0.6615089654922486, 0.6610256671905518, 0.6594147682189941, 0.6588595628738403, 0.6434788227081298, 0.6488791942596436, 0.6282957077026368, 0.6417608499526978, 0.6827575087547302, 0.6278581023216248, 0.6204642653465271, 0.6128336429595947, 0.6443507671356201, 0.646807849407196, 0.605276906490326, 0.6271475076675415, 0.6251286268234253, 0.6125016927719116, 0.6139829397201538, 0.6182089745998383, 0.577684736251831, 0.5520212948322296, 0.6070105791091919, 0.5723788976669312, 0.5999326586723328, 0.5646787166595459, 0.646281623840332, 0.5794443488121033, 0.6405795097351075, 0.564150607585907], "train_acc": [0.5062420845031739, 0.5043028473854065, 0.5048438429832458, 0.505107319355011, 0.5039188861846924, 0.506919264793396, 0.5069436073303223, 0.5068721532821655, 0.506388247013092, 0.5060431122779846, 0.5063272476196289, 0.5058208346366883, 0.5056424617767334, 0.5054632306098938, 0.5055314064025879, 0.5056183338165283, 0.5054218530654907, 0.505483615398407, 0.5052508115768433, 0.5051990509033203, 0.5057458996772766, 0.5056559801101684, 0.5054030418395996, 0.5052239418029785, 0.5055279731750488, 0.5059427976608276, 0.5059052348136902, 0.5060371875762939, 0.5059884071350098, 0.5060983300209045, 0.5065638899803162, 0.5065138697624206, 0.5065401673316956, 0.5065050840377807, 0.5063669204711914, 0.5067790508270263, 0.5066104292869568, 0.5064801931381225, 0.5065935134887696, 0.5066059231758118, 0.5072547197341919, 0.5074192523956299, 0.5073658943176269, 0.5077616810798645, 0.508200752735138, 0.509078073501587, 0.5092950344085694, 0.5093341708183289, 0.5096836566925049, 0.5100666403770446, 0.5108138680458069, 0.5108480215072632, 0.5113655686378479, 0.5117343664169312, 0.512245774269104, 0.5131701350212097, 0.5136085748672485, 0.514508581161499, 0.5157222390174866, 0.5161600351333618, 0.5180234789848328, 0.5191004276275635, 0.5200581789016724, 0.5208851933479309, 0.5212576389312744, 0.523614227771759, 0.5241939187049866, 0.5252019882202148, 0.5264999747276307, 0.5277468204498291, 0.5302738666534423, 0.5310669779777527, 0.5320444822311401, 0.5327184438705445, 0.5337881922721863, 0.5366294264793396, 0.537871778011322, 0.5392672657966614, 0.5396039605140686, 0.5403252959251403, 0.5433349251747132, 0.5445412397384644, 0.5452462792396545, 0.5459829688072204, 0.5469895482063294, 0.5498411774635314, 0.5506356477737426, 0.551459014415741, 0.5523241877555847, 0.5528980851173401, 0.5556432247161865, 0.5568436264991761, 0.5578108310699463, 0.5586227297782898, 0.5596003770828247, 0.5621520042419433, 0.5629504561424256, 0.5635244607925415, 0.5640468716621398, 0.5649810910224915], "val_loss": [0.6993430097897847, 0.6986917495727539, 0.6974084496498107, 0.6950990557670593, 0.6940372467041016, 0.6938825766245524, 0.6935973445574443, 0.6927670995394389, 0.6925477186838785, 0.6920933246612548, 0.6913600285847982, 0.689697003364563, 0.6861332217852275, 0.6810317595799764, 0.6731941183408101, 0.6656310598055521, 0.6550405859947205, 0.6439552863438924, 0.6340437372525533, 0.6267146070798238, 0.6251757105191549], "val_acc": [0.5011677900950114, 0.5060000975926717, 0.5067493160565694, 0.5057448506355285, 0.5056594491004944, 0.5059978723526001, 0.5065085808436076, 0.5068132638931274, 0.50718252658844, 0.5088753779729207, 0.5107916990915934, 0.5129501144091289, 0.5170378724733988, 0.5223544836044312, 0.5289872368176778, 0.5352576494216919, 0.5417989651362102, 0.5485469619433085, 0.5543010830879211, 0.5609323501586914, 0.5661145726839701]}