{"look_back": 30, "based_model": "lstm", "inner_lr": 0.005, "outer_lr": 0.005, "train_loss": [0.698133111000061, 0.7009477972984314, 0.7025707006454468, 0.7278499007225037, 0.7184473872184753, 0.7030968189239502, 0.7135673880577087, 0.6949792861938476, 0.7122456789016723, 0.6962980389595032, 0.7001083612442016, 0.7020669102668762, 0.7037866115570068, 0.6972236394882202, 0.694193434715271, 0.6940892457962036, 0.6942465782165528, 0.6934901475906372, 0.7007468819618226, 0.6893178224563599, 0.6974051356315613, 0.6964969277381897, 0.6934009909629821, 0.6910598516464234, 0.6929243683815003, 0.6938611268997192, 0.7011163711547852, 0.6946575522422791, 0.6925403594970703, 0.6922479391098022, 0.693157184123993, 0.6866214394569397, 0.6988277196884155, 0.6869128823280335, 0.6880814909934998, 0.6866448998451233, 0.691169011592865, 0.697583794593811, 0.684029757976532, 0.6754085302352906, 0.671878981590271, 0.6791200280189514, 0.631085991859436, 0.6747974634170533, 0.6569856882095337, 0.6548182606697083, 0.6565572142601013, 0.6617742300033569, 0.6812065362930297, 0.670532512664795, 0.6557644605636597, 0.6660159826278687, 0.6631442070007324, 0.6448486328125, 0.5989281892776489, 0.6744565725326538, 0.6827931761741638, 0.6447771906852722, 0.6659016013145447, 0.6381933212280273, 0.6720197081565857, 0.6531228423118591, 0.6128295302391052, 0.6373641133308411, 0.6401933073997498, 0.6834793448448181, 0.6633432745933533, 0.6403082847595215, 0.6329062223434448, 0.6678048253059388, 0.5875499844551086, 0.5879674077033996, 0.6415190815925598, 0.6611827492713929, 0.6259029030799865, 0.5960684895515442, 0.5810495495796204, 0.6648876190185546, 0.6542328953742981, 0.6494765877723694, 0.6294133424758911, 0.5752295851707458, 0.6070321679115296, 0.5772918581962585, 0.6556844711303711, 0.6514700055122375, 0.5588151156902313, 0.654519009590149, 0.5827224016189575, 0.6412198066711425, 0.6427548885345459, 0.6066335439682007, 0.5988823294639587, 0.5585477232933045, 0.5880215287208557, 0.6414711952209473, 0.621623694896698, 0.6105370163917542, 0.5732546329498291, 0.5791492700576782], "train_acc": [0.5137990832328796, 0.5013192296028137, 0.5014948964118957, 0.5010863661766052, 0.5010148167610169, 0.5008994698524475, 0.5012127518653869, 0.5012771368026734, 0.5023187160491943, 0.5029037952423095, 0.5028473734855652, 0.5031356096267701, 0.5037312746047974, 0.504453706741333, 0.5047758340835571, 0.5054287195205689, 0.5057221055030823, 0.5059791803359985, 0.5066624999046325, 0.5076374173164367, 0.5083700776100158, 0.5083461999893188, 0.5085867285728455, 0.5090380072593689, 0.5095468521118164, 0.5109031677246094, 0.5117918491363526, 0.5122791051864624, 0.5129016518592835, 0.513162624835968, 0.5137309074401856, 0.5141550064086914, 0.5145938277244568, 0.5152732133865356, 0.5162106156349182, 0.5174616694450378, 0.5179802298545837, 0.5180972456932068, 0.5187878727912902, 0.519779109954834, 0.5222283720970153, 0.5230623126029968, 0.5240451335906983, 0.5256757736206055, 0.5270249247550964, 0.5292266130447387, 0.5302905917167664, 0.5315697669982911, 0.5320306062698364, 0.5326106071472168, 0.5343848943710328, 0.5348702311515808, 0.53587806224823, 0.5367965459823608, 0.5383407711982727, 0.5411312341690063, 0.5414856195449829, 0.5421500921249389, 0.5432670593261719, 0.5438721656799317, 0.545480465888977, 0.5460517525672912, 0.5473854422569275, 0.5487476587295532, 0.5492076873779297, 0.5506592631340027, 0.5507454633712768, 0.5512704610824585, 0.5521639943122864, 0.5527642726898193, 0.554893958568573, 0.5560269117355346, 0.5567909598350524, 0.5574881911277771, 0.5581330537796021, 0.5600514054298401, 0.5611164808273316, 0.561656403541565, 0.5617977738380432, 0.5625190138816833, 0.5640764236450195, 0.5648775577545166, 0.5657807350158691, 0.5668009519577026, 0.56747887134552, 0.5685983180999756, 0.5692483305931091, 0.5699121475219726, 0.570627224445343, 0.5713157296180725, 0.5724753141403198, 0.5731899499893188, 0.5737886905670166, 0.5748012661933899, 0.5757910251617432, 0.5771276950836182, 0.5773903608322144, 0.577853524684906, 0.5785668015480041, 0.5794014692306518], "val_loss": [0.7429315010706584, 0.7168378631273905, 0.7011265436808268, 0.69942573706309, 0.6947420159975688, 0.6950290004412333, 0.6951698064804077, 0.6895960489908854, 0.6867581248283386, 0.6837588787078858, 0.6785854856173198, 0.6790467818578084, 0.6766606410344441, 0.6789583881696065, 0.6622478286425273, 0.6586730162302653, 0.6537742932637532, 0.6431771079699199, 0.6488195459047953, 0.6435219963391622, 0.6387118220329284], "val_acc": [0.4982452968756358, 0.5001084903875986, 0.5026948134104411, 0.5046410163243612, 0.5079028407732645, 0.5105318586031596, 0.5134236017862955, 0.5170324087142945, 0.5208538810412089, 0.5282224456469218, 0.5330233573913574, 0.539824656645457, 0.5449211597442627, 0.549992839495341, 0.5533322374025981, 0.5588222940762838, 0.563211182753245, 0.5681146264076233, 0.5719034870465597, 0.5765633622805277, 0.5801271319389343]}