{"look_back": 20, "based_model": "lstm", "inner_lr": 0.005, "outer_lr": 0.0055, "train_loss": [0.7670053958892822, 0.7362987756729126, 0.7216851711273193, 0.7182591676712036, 0.7091897010803223, 0.7011612892150879, 0.7010632395744324, 0.6977805972099305, 0.7065098285675049, 0.7158672451972962, 0.7021002292633056, 0.7108152151107788, 0.6975020289421081, 0.7040408253669739, 0.6969239950180054, 0.6972557663917541, 0.6885632872581482, 0.6963143467903137, 0.6931810259819031, 0.689723539352417, 0.686523175239563, 0.6884628415107727, 0.6718431353569031, 0.691231119632721, 0.6910467147827148, 0.6962804675102234, 0.6883170127868652, 0.6707326531410217, 0.6718896985054016, 0.6706244230270386, 0.6719987988471985, 0.6668372035026551, 0.6719220280647278, 0.6688674688339233, 0.6407056212425232, 0.6483464479446411, 0.6756569623947144, 0.6692613124847412, 0.6902035355567933, 0.6709088921546936, 0.6300086140632629, 0.6615873813629151, 0.6666627645492553, 0.6279961943626404, 0.64441477060318, 0.6513065338134766, 0.6488000988960266, 0.615378224849701, 0.6177108287811279, 0.6256525158882141, 0.6483794808387756, 0.6923737525939941, 0.6367159247398376, 0.6281299710273742, 0.5976335406303406, 0.641784417629242, 0.623735773563385, 0.6953464865684509, 0.6714364886283875, 0.6391759157180786, 0.6704559206962586, 0.6363637208938598, 0.6381976008415222, 0.6387113451957702, 0.6360975503921509, 0.6003526210784912, 0.5967463970184326, 0.6321767210960388, 0.6060070633888245, 0.6096632719039917, 0.6479517579078674, 0.6335318684577942, 0.6359182953834533, 0.6140136003494263, 0.6185490250587463, 0.6338060617446899, 0.586993932723999, 0.6483483433723449, 0.6229142069816589, 0.6172197103500366, 0.6596201062202454, 0.5929134964942933, 0.6308235764503479, 0.625590443611145, 0.6307729125022888, 0.6653871417045594, 0.6029651284217834, 0.6033507585525513, 0.6259918570518493, 0.6331029772758484, 0.6734116435050964, 0.5836563467979431, 0.6342819213867188, 0.6125680565834045, 0.6228994369506836, 0.5965854406356812, 0.6065015316009521, 0.5848929464817048, 0.6168556451797486, 0.5684143662452698], "train_acc": [0.5011064112186432, 0.4969755828380585, 0.4965031802654266, 0.49736580848693845, 0.498071551322937, 0.500022542476654, 0.5008528590202331, 0.501676368713379, 0.5023057103157044, 0.5032492280006409, 0.5043335199356079, 0.5045852422714233, 0.5055663704872131, 0.5060854077339172, 0.5068895220756531, 0.5094860196113586, 0.511363399028778, 0.5129743337631225, 0.514682674407959, 0.5148637175559998, 0.5170106768608094, 0.5185870409011841, 0.5203831195831299, 0.5210880994796753, 0.5215075612068176, 0.5237192153930664, 0.525186562538147, 0.5257527470588684, 0.5270433187484741, 0.5287374377250671, 0.5309372663497924, 0.5326579451560974, 0.5340942144393921, 0.5353609204292298, 0.5370657444000244, 0.5395056366920471, 0.5411129236221314, 0.542227590084076, 0.5428140044212342, 0.5431228041648865, 0.5445618033409119, 0.5463997006416321, 0.5472545742988586, 0.5487143874168396, 0.5506162881851197, 0.553242826461792, 0.5540247559547424, 0.5554142832756043, 0.5571987748146057, 0.558446204662323, 0.559380578994751, 0.5602309942245484, 0.5609234929084778, 0.561528992652893, 0.5631209969520569, 0.5648171067237854, 0.5659128189086914, 0.5665867328643799, 0.5670086145401001, 0.5675260782241821, 0.5685475468635559, 0.5689550042152405, 0.569695508480072, 0.5704867005348205, 0.5713857293128968, 0.5721098780632019, 0.5731695294380188, 0.5742307305335999, 0.5750130534172058, 0.5757499456405639, 0.5768466114997863, 0.5776694774627685, 0.5781397342681884, 0.5789270639419556, 0.579867935180664, 0.5804890275001526, 0.5812922954559326, 0.5818388223648071, 0.5822874426841735, 0.5828948974609375, 0.5837354779243469, 0.5843043565750122, 0.5847462296485901, 0.5852843523025513, 0.5857279539108277, 0.5862098574638367, 0.5865967988967895, 0.5876096367835999, 0.5878341674804688, 0.5884422183036804, 0.5885904550552368, 0.5888165712356568, 0.5892305493354797, 0.5897415161132813, 0.5901556849479676, 0.5911309361457825, 0.5918643593788147, 0.5923433780670166, 0.5929943084716797, 0.5935630679130555], "val_loss": [0.7483024517695109, 0.7127490003903707, 0.7042003472646078, 0.7044766267140706, 0.6968529264132182, 0.6960007747014364, 0.7047919273376465, 0.7004252552986145, 0.6938765247662863, 0.6771288712819418, 0.6757716218630473, 0.6692400614420573, 0.6750115791956584, 0.6781331777572632, 0.6850950558980305, 0.6690148909886678, 0.6592561602592468, 0.6551658868789673, 0.6639670093854269, 0.6498968998591105, 0.6586799263954163], "val_acc": [0.4969783385594686, 0.49866570234298707, 0.5033024430274964, 0.5075886408487956, 0.5155141552289327, 0.5223143259684245, 0.5295716484387716, 0.5384356300036113, 0.5436856309572856, 0.5517434000968933, 0.5593732873598735, 0.5642485539118449, 0.5682839512825012, 0.57149312098821, 0.5764988382657369, 0.5801761507987976, 0.5832991997400919, 0.5862666249275208, 0.5885892868041992, 0.5906567692756652, 0.5940464893976848]}