{"look_back": 30, "based_model": "lstm", "inner_lr": 0.005, "outer_lr": 0.0055, "train_loss": [0.7230185627937317, 0.7172039031982422, 0.6987247467041016, 0.7067149996757507, 0.7021681189537048, 0.7059619069099426, 0.702601945400238, 0.6974488258361816, 0.6995989322662354, 0.7001702547073364, 0.707237184047699, 0.6961196303367615, 0.6969933390617371, 0.6944292426109314, 0.6984154939651489, 0.6895844578742981, 0.6959005236625672, 0.6876333475112915, 0.7008453369140625, 0.6883679628372192, 0.6902708530426025, 0.6885289192199707, 0.693541967868805, 0.686005699634552, 0.6894485712051391, 0.6863451600074768, 0.6852002024650574, 0.6975719809532166, 0.6846937537193298, 0.6734917879104614, 0.691682779788971, 0.6763766169548034, 0.668245530128479, 0.6903207540512085, 0.6873950123786926, 0.67492173910141, 0.6753434538841248, 0.666909396648407, 0.6797328948974609, 0.668504798412323, 0.6508788704872132, 0.6718737721443176, 0.6708088278770447, 0.6659705877304077, 0.6575424075126648, 0.6806622743606567, 0.6745431661605835, 0.6731953620910645, 0.6577683925628662, 0.64671311378479, 0.6519385576248169, 0.6564858198165894, 0.6434584140777588, 0.6397724390029907, 0.6362714648246766, 0.6640058040618897, 0.655479371547699, 0.6142874240875245, 0.6648520708084107, 0.6407884120941162, 0.6284129738807678, 0.6316997647285462, 0.6754061102867126, 0.65075523853302, 0.6286039590835572, 0.6473360538482666, 0.6259660840034484, 0.6182796716690063, 0.6174975395202636, 0.6145527243614197, 0.6175938487052918, 0.6448309898376465, 0.5982327818870544, 0.5876681923866272, 0.7052240610122681, 0.5899717807769775, 0.6962342977523803, 0.6131783127784729, 0.5807619690895081, 0.5916221737861633, 0.5688279509544373, 0.6055499792099, 0.6277090907096863, 0.6331590056419373, 0.5503945589065552, 0.5919723153114319, 0.6135965943336487, 0.5594699859619141, 0.6650686979293823, 0.5507898569107056, 0.5555830597877502, 0.6282859683036804, 0.614138925075531, 0.606083345413208, 0.6294811964035034, 0.5915759205818176, 0.6132730364799499, 0.5481744408607483, 0.5946473121643067, 0.5650827527046204], "train_acc": [0.48849807381629945, 0.49999805092811583, 0.5007307529449463, 0.5014553666114807, 0.502430772781372, 0.5023409366607666, 0.5030786514282226, 0.503324282169342, 0.5035781145095826, 0.5038490176200867, 0.5037835597991943, 0.5040449023246765, 0.5042994499206543, 0.5047597527503968, 0.5054067134857178, 0.5071219205856323, 0.5081119179725647, 0.509029233455658, 0.5100905060768127, 0.5102416515350342, 0.51179119348526, 0.512910258769989, 0.5135498046875, 0.5141152739524841, 0.5149908423423767, 0.5166191101074219, 0.5181258201599122, 0.5186272025108337, 0.5190689325332641, 0.519691276550293, 0.5214553117752075, 0.5221420645713806, 0.5232191920280457, 0.5243243932723999, 0.5249220252037048, 0.5267676949501038, 0.528007161617279, 0.5292058944702148, 0.5304685235023499, 0.5312285423278809, 0.533552634716034, 0.5344850540161132, 0.5353995323181152, 0.5359004616737366, 0.5371427059173584, 0.538851511478424, 0.5393515467643738, 0.5397995710372925, 0.5405510187149047, 0.541739559173584, 0.5441060423851013, 0.545345950126648, 0.546099841594696, 0.5470180153846741, 0.5482468724250793, 0.5501032710075379, 0.5511487722396851, 0.5520419716835022, 0.5530420422554017, 0.5536598920822143, 0.555782163143158, 0.5562471985816956, 0.5570111393928527, 0.5575291872024536, 0.5581851720809936, 0.5602045297622681, 0.5609975695610047, 0.5619189023971558, 0.5628217339515686, 0.5637102961540222, 0.565533459186554, 0.565971291065216, 0.5669470191001892, 0.5677981495857238, 0.5685408115386963, 0.5701218605041504, 0.5705604553222656, 0.5710310697555542, 0.5718751668930053, 0.5727810740470887, 0.5744570970535279, 0.5754360675811767, 0.5761303544044495, 0.5765520453453064, 0.5773840188980103, 0.5793312311172485, 0.5798913359642028, 0.5807217955589294, 0.5814305543899536, 0.5821780085563659, 0.5839856266975403, 0.5848808526992798, 0.5855615019798279, 0.5860863089561462, 0.5866104483604431, 0.588018262386322, 0.5886606693267822, 0.589236032962799, 0.5901165962219238, 0.5907957673072814], "val_loss": [0.7281814972559612, 0.7039141813913982, 0.7005789041519165, 0.7006771524747213, 0.6971695065498352, 0.6962958415349324, 0.6899144132932027, 0.6872873028119405, 0.6846439520517985, 0.6880055983861287, 0.6725793600082397, 0.6705582857131958, 0.6690382321675619, 0.6575453201929728, 0.6554927786191305, 0.6533675233523051, 0.6616458018620809, 0.644027582804362, 0.646193281809489, 0.6428826769193013, 0.6380596796671549], "val_acc": [0.4939585010210673, 0.5015209039052327, 0.5034350355466207, 0.5056349198023479, 0.510410487651825, 0.515582784016927, 0.5205713629722595, 0.5258212248484294, 0.5321068008740742, 0.5382229646046957, 0.5428014834721883, 0.549426527818044, 0.5548406918843587, 0.5593595623970031, 0.5645692586898804, 0.569075632095337, 0.5734978397687276, 0.5784671823183696, 0.5830117503801981, 0.5871942003568014, 0.5913932045300802]}