{"look_back": 20, "based_model": "lstm", "inner_lr": 0.001, "outer_lr": 0.0055, "train_loss": [0.7048418283462524, 0.697751772403717, 0.6957645893096924, 0.6975653529167175, 0.6940611720085144, 0.6996699810028076, 0.698366355895996, 0.6942178964614868, 0.7008475661277771, 0.6944727063179016, 0.692894458770752, 0.692532765865326, 0.6940401792526245, 0.6935658693313599, 0.6938306808471679, 0.6938679099082947, 0.6946649551391602, 0.6952850341796875, 0.692219340801239, 0.6909981727600097, 0.692319655418396, 0.6934990644454956, 0.6913622975349426, 0.6909219026565552, 0.6926996350288391, 0.6907008290290833, 0.690774941444397, 0.6920879483222961, 0.6922497391700745, 0.690798532962799, 0.6926771402359009, 0.6913913607597351, 0.6908357262611389, 0.690086829662323, 0.6887370705604553, 0.6862680315971375, 0.6909446954727173, 0.6865449547767639, 0.680081558227539, 0.6816352725028991, 0.6860252499580384, 0.6789597868919373, 0.6859357595443726, 0.671820878982544, 0.683855140209198, 0.686607027053833, 0.6885048270225524, 0.6655549645423889, 0.6799109220504761, 0.6802260041236877, 0.6668857574462891, 0.6585504412651062, 0.6622788906097412, 0.6748271465301514, 0.6476565361022949, 0.6670497059822083, 0.6483892917633056, 0.6334968566894531, 0.6610976338386536, 0.6560264468193054, 0.6187422752380372, 0.6336828231811523, 0.6267641186714172, 0.6349570274353027, 0.5719350218772888, 0.6405647039413452, 0.6068477034568787, 0.6288974165916443, 0.612946605682373, 0.600143039226532, 0.6139721512794495, 0.5800631403923034, 0.5848322629928588, 0.6381397128105164, 0.6131545782089234, 0.6305402398109436, 0.5600030064582825, 0.56395183801651, 0.5905983805656433, 0.6381014347076416, 0.6395549535751343, 0.6064492344856263, 0.6221367478370666, 0.5892671346664429, 0.543386697769165, 0.5858833432197571, 0.6246950149536132, 0.5768071293830872, 0.5600456535816193, 0.5374133169651032, 0.6144797027111053, 0.5802998900413513, 0.5828023314476013, 0.5724346041679382, 0.49475831389427183, 0.59583380818367, 0.5132106184959412, 0.6561981260776519, 0.6478140950202942, 0.4782410442829132], "train_acc": [0.5009724795818329, 0.5021558165550232, 0.5032355785369873, 0.504013967514038, 0.5044846057891845, 0.5072673797607422, 0.5071653842926025, 0.5073275446891785, 0.5072896480560303, 0.5067350149154664, 0.5085092902183532, 0.508966863155365, 0.5089894294738769, 0.5089290380477905, 0.5091951966285706, 0.5098571062088013, 0.5099153757095337, 0.5099696755409241, 0.5097930550575256, 0.5101430892944336, 0.5114380121231079, 0.5116191148757935, 0.5121435165405274, 0.5123193740844727, 0.5127922773361206, 0.5148041248321533, 0.5153927206993103, 0.5156503677368164, 0.5155827403068542, 0.515824270248413, 0.517428207397461, 0.5174412131309509, 0.5182114243507385, 0.5187683224678039, 0.5192042469978333, 0.5211746215820312, 0.5219949007034301, 0.5224535346031189, 0.5236303925514221, 0.5246507287025451, 0.5260262966156006, 0.5263677716255188, 0.5273916363716126, 0.528263258934021, 0.52924485206604, 0.5311854243278503, 0.5313922166824341, 0.5325868606567383, 0.5334458708763122, 0.5341046452522278, 0.5359553575515748, 0.5373201608657837, 0.5386721849441528, 0.5393169760704041, 0.5406705021858216, 0.5438809752464294, 0.5447386741638184, 0.5459457278251648, 0.5473072767257691, 0.5481441378593445, 0.5508903861045837, 0.5522365927696228, 0.5541955590248108, 0.5552197337150574, 0.5569140791893006, 0.560241413116455, 0.561537218093872, 0.5626802921295166, 0.563795554637909, 0.56480633020401, 0.5677431106567383, 0.5685498356819153, 0.5702630877494812, 0.5711830615997314, 0.5715593218803405, 0.5738438129425049, 0.5749041914939881, 0.5758876204490662, 0.5770529389381409, 0.577466094493866, 0.5793746829032898, 0.5797642588615417, 0.5801438927650452, 0.5806539535522461, 0.5817012190818787, 0.5837884068489074, 0.5843167662620544, 0.5851691126823425, 0.5858163833618164, 0.5869383454322815, 0.5887929558753967, 0.5889844536781311, 0.5898980379104615, 0.5905288457870483, 0.5914970993995666, 0.5933261632919311, 0.5940100312232971, 0.5944386005401612, 0.5942207098007202, 0.5948951482772827], "val_loss": [0.6998528202374776, 0.6967978636423747, 0.6961766004562377, 0.6947752316792806, 0.6938484311103821, 0.6932236353556315, 0.6925522406895955, 0.6916863560676575, 0.6895654598871866, 0.6845338900883993, 0.6793501337369283, 0.6705500801404317, 0.6605579336484273, 0.6478998780250549, 0.640011211236318, 0.6276617248853048, 0.6230650405089061, 0.6126333951950074, 0.6115181187788645, 0.6071647743384043, 0.6015767375628154], "val_acc": [0.500881717602412, 0.507395080725352, 0.5080118139584859, 0.5096189657847087, 0.5110756436983744, 0.5139870405197143, 0.5169471740722656, 0.5201495289802551, 0.5255760471026103, 0.5304895718892415, 0.5349249164263408, 0.5425592660903931, 0.5494937380154927, 0.5589984814325969, 0.5663103699684143, 0.5730442603429159, 0.5785230795542399, 0.582960597674052, 0.5881129821141561, 0.5926896452903747, 0.5960544427235921]}