{
    "look_back": 30,
    "based_model": "lstm",
    "inner_lr": 0.005,
    "outer_lr": 0.0055,
    "train_loss": [
        0.7895719289779664,
        0.7042949557304382,
        0.6948602437973023,
        0.706465768814087,
        0.7140077471733093,
        0.6975455999374389,
        0.6904427289962769,
        0.6874559044837951,
        0.6927376866340638,
        0.6893050789833068,
        0.6697630167007447,
        0.6720994710922241,
        0.6827854752540589,
        0.6745877623558044,
        0.6753980875015259,
        0.6895261287689209,
        0.6592781662940979,
        0.6578384160995483,
        0.6568432927131653,
        0.6454677104949951,
        0.6735193729400635,
        0.6421745896339417,
        0.7299194693565368,
        0.6967456102371216,
        0.6509463906288147,
        0.6621610760688782,
        0.6438020467758179,
        0.66997150182724,
        0.647767984867096,
        0.6405579566955566,
        0.6559000611305237,
        0.6427385687828064,
        0.6561099529266358,
        0.6533466100692749,
        0.6442097187042236,
        0.711368203163147,
        0.6553759217262268,
        0.6408933877944947,
        0.667245066165924,
        0.6612434148788452,
        0.6437044262886047,
        0.6665144920349121,
        0.6445992946624756,
        0.648421585559845,
        0.6587899804115296,
        0.6704683780670166,
        0.6511942982673645,
        0.644504714012146,
        0.6560507178306579,
        0.6503298997879028,
        0.6545191526412963,
        0.6361520886421204,
        0.6490987062454223,
        0.6528107285499573,
        0.636615264415741,
        0.6884050250053406,
        0.6417529821395874,
        0.7050447225570678,
        0.6349294781684875,
        0.6502777099609375,
        0.650422739982605,
        0.6615846991539002,
        0.6636527299880981,
        0.6590457558631897,
        0.657281219959259,
        0.6669520139694214,
        0.6756290793418884,
        0.6481091380119324,
        0.6329307317733764,
        0.6372747540473938,
        0.6348755478858947,
        0.6706897974014282,
        0.6385162830352783,
        0.6391498804092407,
        0.6559474468231201,
        0.6562527418136597,
        0.649715268611908,
        0.6711047291755676,
        0.6562078118324279,
        0.6550893306732177,
        0.6393311738967895,
        0.6477307915687561,
        0.6469960331916809,
        0.6492870450019836,
        0.6284873962402344,
        0.6443148612976074,
        0.6776896715164185,
        0.6760257005691528,
        0.6418846845626831,
        0.6200136065483093,
        0.6812203288078308,
        0.6754391431808472,
        0.6685167908668518,
        0.6495720624923706,
        0.6905121088027955,
        0.6686823248863221,
        0.6361537575721741,
        0.6816999673843384,
        0.6625524878501892,
        0.6490697145462037
    ],
    "train_acc": [
        0.5143319845199585,
        0.5095515727996827,
        0.5132525563240051,
        0.5130648732185363,
        0.5134788990020752,
        0.5149068474769593,
        0.5159963011741638,
        0.5159955859184265,
        0.5171656966209411,
        0.5165635824203492,
        0.52262282371521,
        0.5248936414718628,
        0.527080500125885,
        0.5281662225723267,
        0.5291508793830871,
        0.5351930618286133,
        0.536587905883789,
        0.5382058501243592,
        0.5401126027107239,
        0.5425867199897766,
        0.5485787391662598,
        0.5502464413642884,
        0.5519527912139892,
        0.5530840158462524,
        0.5541681766510009,
        0.559531056880951,
        0.5607557654380798,
        0.561714231967926,
        0.5629347085952758,
        0.5641758680343628,
        0.5686686635017395,
        0.5696835160255432,
        0.5705884456634521,
        0.5714354991912842,
        0.5720404267311097,
        0.5754045248031616,
        0.5759425520896911,
        0.5768133997917175,
        0.577573275566101,
        0.5780569076538086,
        0.5811582684516907,
        0.581770396232605,
        0.5822778582572937,
        0.5830261468887329,
        0.5836568713188172,
        0.5862926244735718,
        0.586607015132904,
        0.5871422171592713,
        0.5876790523529053,
        0.5880875945091247,
        0.5901010990142822,
        0.590418004989624,
        0.5909265041351318,
        0.5915417909622193,
        0.5921805262565613,
        0.5940412878990173,
        0.59456307888031,
        0.5949663162231446,
        0.5952488422393799,
        0.5957309246063233,
        0.5972725629806519,
        0.5974753499031067,
        0.5978025913238525,
        0.5979800820350647,
        0.5982003688812256,
        0.5994278073310852,
        0.5996024012565613,
        0.5998446345329285,
        0.6002376556396485,
        0.6006322741508484,
        0.6019073843955993,
        0.6022559404373169,
        0.6025757431983948,
        0.602939510345459,
        0.6032259225845337,
        0.6043230414390564,
        0.6046141862869263,
        0.6048771023750306,
        0.6051391363143921,
        0.6053783178329468,
        0.6063594102859498,
        0.6066320896148681,
        0.6069297671318055,
        0.6072319626808167,
        0.6076279401779174,
        0.6086054444313049,
        0.6088809967041016,
        0.6091102242469788,
        0.609318220615387,
        0.6096935033798218,
        0.6107386112213135,
        0.6108487010002136,
        0.6110072255134582,
        0.611178970336914,
        0.6114285945892334,
        0.6122645378112793,
        0.6124251961708069,
        0.6125792145729065,
        0.6127174735069275,
        0.6128968596458435
    ],
    "val_loss": [
        0.717295241355896,
        0.7047537366549174,
        0.6901312510172526,
        0.6741777459780375,
        0.6683758854866028,
        0.6669225096702576,
        0.6507154266039531,
        0.6586373130480448,
        0.6525001883506775,
        0.6489799539248149,
        0.6544677495956421,
        0.6465262651443482,
        0.6443867564201355,
        0.6445418278376261,
        0.653383711973826,
        0.6488964160283407,
        0.6616095741589864,
        0.6497245947519938,
        0.6528521696726481,
        0.6620113730430603,
        0.6594272136688233
    ],
    "val_acc": [
        0.5088669935862223,
        0.5144434094429016,
        0.5193653345108032,
        0.5325201272964477,
        0.5455390254656474,
        0.5570732633272807,
        0.5666252017021179,
        0.574000108242035,
        0.5797158082326254,
        0.585163680712382,
        0.5891186396280924,
        0.5932485262552897,
        0.5965544859568278,
        0.5988781134287516,
        0.6012760281562806,
        0.6037651777267456,
        0.6058212757110596,
        0.6080624500910441,
        0.6102110465367635,
        0.6118019938468933,
        0.6132240295410156
    ]
}