{
    "look_back": 20,
    "based_model": "lstm",
    "inner_lr": 0.005,
    "outer_lr": 0.005,
    "train_loss": [
        0.7116566896438599,
        0.6904878735542297,
        0.7197430014610291,
        0.7825869798660279,
        0.6916077017784119,
        0.8691888809204101,
        0.7908177256584168,
        0.6952157616615295,
        0.7259350776672363,
        0.700874638557434,
        0.804473626613617,
        0.7322456479072571,
        0.7110398054122925,
        0.7100743532180787,
        0.814676022529602,
        0.7714017987251282,
        0.845485246181488,
        0.7603102326393127,
        0.8483365058898926,
        0.6961471796035766,
        0.9857962608337403,
        0.8938398241996766,
        0.7293279886245727,
        0.744521701335907,
        0.7138093948364258,
        0.7626896858215332,
        0.929178786277771,
        0.8746150851249694,
        0.7616690397262573,
        0.7584342956542969,
        0.7143738389015197,
        0.7286818146705627,
        0.7818500757217407,
        0.7361014366149903,
        0.7052591562271118,
        0.7468990921974182,
        0.7616313576698304,
        0.7762731075286865,
        0.7368135690689087,
        0.6798217535018921,
        0.7309236645698547,
        0.7122974753379822,
        0.7154500484466553,
        0.6845335364341736,
        0.6770353078842163,
        0.7156956791877747,
        0.6967465162277222,
        0.6926944494247437,
        0.6549580812454223,
        0.6776318311691284,
        0.671579897403717,
        0.6939348220825196,
        0.6706427931785583,
        0.7025891423225403,
        0.6976637601852417,
        0.6344503998756409,
        0.7312077403068542,
        0.6703693151474,
        0.6691839575767518,
        0.701514196395874,
        0.7111350059509277,
        0.6649047374725342,
        0.6762770295143128,
        0.631756603717804,
        0.6620833158493042,
        0.7450145244598388,
        0.7170051097869873,
        0.6734004974365234,
        0.6717044830322265,
        0.6703157663345337,
        0.829188597202301,
        0.7473164677619935,
        0.6581203699111938,
        0.66251699924469,
        0.6605024337768555,
        0.682509970664978,
        0.7175484418869018,
        0.7235143661499024,
        0.6848787426948547,
        0.637326455116272,
        0.7059085011482239,
        0.6972556114196777,
        0.6931033253669738,
        0.6607048511505127,
        0.660525131225586,
        0.7418336391448974,
        0.7124535918235779,
        0.6349876046180725,
        0.6557626247406005,
        0.6525558710098267,
        0.7239631414413452,
        0.6752291798591614,
        0.6441831231117249,
        0.6388078451156616,
        0.6358471989631653,
        0.7853896737098693,
        0.6830751061439514,
        0.6762456893920898,
        0.6704431891441345,
        0.6443549513816833
    ],
    "train_acc": [
        0.49328566193580625,
        0.517294180393219,
        0.5196849822998046,
        0.5207213640213013,
        0.5221727132797241,
        0.5240062594413757,
        0.5244882583618165,
        0.5242576003074646,
        0.5231473565101623,
        0.5224968194961548,
        0.5228709220886231,
        0.5238196015357971,
        0.5245048046112061,
        0.5248177409172058,
        0.5249209523200988,
        0.5261883020401001,
        0.5266453742980957,
        0.5276816368103028,
        0.5279590487480164,
        0.5283637762069702,
        0.5293607950210572,
        0.5300280928611756,
        0.5306314706802369,
        0.5313021898269653,
        0.5318846225738525,
        0.5345350503921509,
        0.5354220271110535,
        0.53582683801651,
        0.5365089535713196,
        0.5370870351791381,
        0.5396600246429444,
        0.5403248548507691,
        0.5409841656684875,
        0.5418594002723693,
        0.5424168944358826,
        0.5461798906326294,
        0.5466864228248596,
        0.5470645427703857,
        0.5473891973495484,
        0.5477934241294861,
        0.5505891799926758,
        0.5514945387840271,
        0.5519365310668946,
        0.5526410460472106,
        0.5532219409942627,
        0.5557579636573792,
        0.5564841628074646,
        0.5570363163948059,
        0.5575691819190979,
        0.5582176208496094,
        0.5607904314994812,
        0.5614086270332337,
        0.5617103338241577,
        0.5624229669570923,
        0.5629338026046753,
        0.5655490756034851,
        0.5661372661590576,
        0.5665112495422363,
        0.5670804977416992,
        0.5676181674003601,
        0.5698832869529724,
        0.5702746510505676,
        0.5706847190856934,
        0.5710805654525757,
        0.5715657234191894,
        0.5733169555664063,
        0.5734915614128113,
        0.5737943768501281,
        0.5742416739463806,
        0.5745542526245118,
        0.5762880444526672,
        0.5764442563056946,
        0.5768370032310486,
        0.5772900819778443,
        0.5777947068214416,
        0.5793936848640442,
        0.5796606421470643,
        0.5798312902450562,
        0.5801339864730835,
        0.5805985689163208,
        0.5820662260055542,
        0.5823411345481873,
        0.5827415585517883,
        0.5831053614616394,
        0.5834961652755737,
        0.5849307179450989,
        0.5851503372192383,
        0.5854951977729798,
        0.5859430432319641,
        0.586197018623352,
        0.5873154759407043,
        0.5875609755516052,
        0.587998902797699,
        0.5883939862251282,
        0.5888622522354126,
        0.5900321841239929,
        0.5901943922042847,
        0.5904317378997803,
        0.5907723188400269,
        0.5910145282745362
    ],
    "val_loss": [
        0.7219712813695272,
        0.70873015721639,
        0.7191038091977437,
        0.7395418564478556,
        0.7477516849835714,
        0.7323229630788167,
        0.7111243685086568,
        0.6974057078361511,
        0.6882654706637065,
        0.6770578344662984,
        0.6702348192532858,
        0.6642070929209392,
        0.6655888160069784,
        0.6721381982167561,
        0.6855968554814657,
        0.6841186920801798,
        0.6873073776563009,
        0.6574483593304952,
        0.6714110732078552,
        0.6731242974599202,
        0.6719872117042541
    ],
    "val_acc": [
        0.5127840479214986,
        0.523834780852,
        0.5225914438565572,
        0.5258198777834574,
        0.5289860169092814,
        0.5329447269439698,
        0.5384466846783956,
        0.5444875955581665,
        0.549155076344808,
        0.5545931657155355,
        0.5595218022664388,
        0.5641590356826782,
        0.5687958558400472,
        0.5725354870160421,
        0.5755337913831075,
        0.5786654949188232,
        0.5814223726590474,
        0.5842046936353048,
        0.5868290901184082,
        0.5895570953687032,
        0.5915651321411133
    ]
}