{
    "look_back": 20,
    "based_model": "lstm",
    "inner_lr": 0.005,
    "outer_lr": 0.0055,
    "train_loss": [
        0.7309234738349915,
        0.8002074241638184,
        0.7116607666015625,
        0.8263676643371582,
        0.7051667809486389,
        0.8510712623596192,
        0.6939743518829345,
        0.6937678575515747,
        0.7338706016540527,
        0.7087738871574402,
        0.9317550420761108,
        0.7523316502571106,
        0.7247188448905945,
        0.79128098487854,
        0.6970384120941162,
        0.9776123642921448,
        0.7281434893608093,
        0.804649555683136,
        0.6940189599990845,
        0.6924487948417664,
        0.7737852692604065,
        0.8612481236457825,
        0.8708623290061951,
        0.8807557821273804,
        0.8529001712799072,
        0.7090746998786926,
        0.8807484149932862,
        0.9164990067481995,
        0.8113882422447205,
        0.6829402446746826,
        0.9292685985565186,
        0.8058710336685181,
        0.760437834262848,
        0.6838343262672424,
        0.7664874196052551,
        0.7460455060005188,
        0.6582688570022583,
        0.706262469291687,
        0.6422669053077698,
        0.6502555131912231,
        0.7108953595161438,
        0.7591762781143189,
        0.6599014878273011,
        0.6925987005233765,
        0.6480209469795227,
        0.7372234463691711,
        0.6841244220733642,
        0.6838075995445252,
        0.6647343039512634,
        0.6760427594184876,
        0.6837996006011963,
        0.6375643372535705,
        0.652588176727295,
        0.6450845837593079,
        0.6446208596229553,
        0.6838719844818115,
        0.679794180393219,
        0.6271472454071045,
        0.6848020434379578,
        0.6694398045539856,
        0.6585435748100281,
        0.6745494723320007,
        0.6563334107398987,
        0.6539801239967347,
        0.6508747339248657,
        0.8105156540870666,
        0.6519503116607666,
        0.6795111894607544,
        0.6784549832344056,
        0.6575966000556945,
        0.722573721408844,
        0.696441650390625,
        0.6537559866905213,
        0.6589479804039001,
        0.6262083649635315,
        0.6663662075996399,
        0.6874569892883301,
        0.6654338717460633,
        0.7187296867370605,
        0.6872627258300781,
        0.6700620651245117,
        0.6753911256790162,
        0.7009538650512696,
        0.6889676332473755,
        0.6665108680725098,
        0.6877205014228821,
        0.7517255544662476,
        0.7067040920257568,
        0.6912844181060791,
        0.670182728767395,
        0.7229682207107544,
        0.6721318125724792,
        0.701706337928772,
        0.6373517274856567,
        0.7029209733009338,
        0.6716315865516662,
        0.7111985683441162,
        0.6347703456878662,
        0.7361501932144165,
        0.6871972799301147
    ],
    "train_acc": [
        0.543258810043335,
        0.5140613913536072,
        0.5151400923728943,
        0.517850399017334,
        0.519393515586853,
        0.5231264948844909,
        0.5241870164871216,
        0.5259069204330444,
        0.5273183822631836,
        0.5282433748245239,
        0.5318431377410888,
        0.5329710125923157,
        0.5338840126991272,
        0.5349526405334473,
        0.5364352226257324,
        0.5402812600135803,
        0.5409236788749695,
        0.5422157168388366,
        0.5431160449981689,
        0.5439476013183594,
        0.547635304927826,
        0.5482040047645569,
        0.5486924052238464,
        0.5492138028144836,
        0.5499285936355591,
        0.5530549049377441,
        0.5534162878990173,
        0.5541626453399658,
        0.5545958161354065,
        0.5555118322372437,
        0.5591468572616577,
        0.5599003672599793,
        0.5601454496383667,
        0.5607940435409546,
        0.561175262928009,
        0.5642110586166382,
        0.5648883700370788,
        0.5655707359313965,
        0.5661665320396423,
        0.5672003030776978,
        0.5696896195411683,
        0.5703045845031738,
        0.5708102107048034,
        0.5713432788848877,
        0.5720953345298767,
        0.5752726316452026,
        0.575722050666809,
        0.5762380361557007,
        0.5766839385032654,
        0.5771185517311096,
        0.579592764377594,
        0.580160939693451,
        0.5807856321334839,
        0.5813279509544372,
        0.5818471550941468,
        0.5839828848838806,
        0.5845290422439575,
        0.585075569152832,
        0.5856176495552063,
        0.5859403491020203,
        0.5878146409988403,
        0.5881642580032349,
        0.5886613607406617,
        0.5889804124832153,
        0.5893827557563782,
        0.5908379673957824,
        0.5911220431327819,
        0.5916166663169861,
        0.5920343399047852,
        0.5924126982688904,
        0.5938973307609559,
        0.5941855669021606,
        0.5944352149963379,
        0.5947817921638489,
        0.5951419353485108,
        0.5963887095451355,
        0.5964480757713317,
        0.5966724991798401,
        0.5968727827072143,
        0.5970423936843872,
        0.5981225371360779,
        0.59833664894104,
        0.598543930053711,
        0.5987262010574341,
        0.5989783644676209,
        0.6000063300132752,
        0.6001164436340332,
        0.6000915050506592,
        0.6002787113189697,
        0.6004702806472778,
        0.60128333568573,
        0.6012816309928894,
        0.6014439225196838,
        0.6016749858856201,
        0.6018041849136353,
        0.6024049162864685,
        0.602551805973053,
        0.6027800559997558,
        0.6030058622360229,
        0.6030434131622314
    ],
    "val_loss": [
        0.7149281779925029,
        0.706517775853475,
        0.7124457438786824,
        0.7136330087979634,
        0.7261014819145203,
        0.7216472188631694,
        0.6976825435956319,
        0.6848314483960469,
        0.6846825480461121,
        0.6651789744695028,
        0.6555642167727153,
        0.6644926428794861,
        0.6521138628323873,
        0.6632887085278829,
        0.6679157018661499,
        0.6682225108146668,
        0.6626349449157715,
        0.6734694401423137,
        0.6497501691182455,
        0.6767914414405822,
        0.6790606021881104
    ],
    "val_acc": [
        0.5156516790390014,
        0.5223876357078552,
        0.5302457094192505,
        0.5392520030339559,
        0.5460886279741923,
        0.5517975608507792,
        0.5575028816858928,
        0.5628276944160462,
        0.5686290582021077,
        0.5739399751027425,
        0.5783327420552572,
        0.582857350508372,
        0.5869617144266764,
        0.5901732087135315,
        0.5932422478993734,
        0.5958246231079102,
        0.5974634607632955,
        0.5995530883471171,
        0.6009060939153036,
        0.6020982543627421,
        0.6033908327420553
    ]
}