{
    "look_back": 20,
    "based_model": "lstm_cnn",
    "inner_lr": 0.005,
    "outer_lr": 0.005,
    "train_loss": [
        0.6983062624931335,
        0.895268440246582,
        0.7820676565170288,
        0.8086389303207397,
        0.8720677495002747,
        0.717418372631073,
        0.6977933049201965,
        0.7086167335510254,
        0.697385311126709,
        0.7054588794708252,
        0.7364330291748047,
        1.0526361465454102,
        0.7383975982666016,
        0.6918023824691772,
        0.7141817808151245,
        0.8995011448860168,
        0.6899159550666809,
        0.7318169474601746,
        0.7002884745597839,
        0.7039069533348083,
        0.8663676381111145,
        1.1626373529434204,
        0.6744663119316101,
        0.734766960144043,
        0.7580121755599976,
        0.679614245891571,
        0.8768207430839539,
        0.7055256962776184,
        0.7126814126968384,
        0.8477181196212769,
        0.7476149201393127,
        0.7061854600906372,
        0.7411205172538757,
        0.7125695943832397,
        0.8162819147109985,
        0.7152671813964844,
        0.7086202502250671,
        0.9040209650993347,
        0.7062036395072937,
        0.7505061030387878,
        1.132927656173706,
        0.6990148425102234,
        0.7735627889633179,
        0.8586122393608093,
        0.78691565990448,
        1.1284773349761963,
        0.9967548251152039,
        0.7708970308303833,
        0.8062928915023804,
        0.7136825323104858,
        0.8786300420761108,
        0.873940110206604,
        0.8452523946762085,
        0.7276955842971802,
        0.9828237295150757,
        1.2489643096923828,
        0.7286138534545898,
        1.0762579441070557,
        0.7146503925323486,
        0.8465206027030945,
        1.1396564245224,
        0.9505559206008911,
        0.9358965754508972,
        0.8018494844436646,
        0.7967976331710815,
        0.7429858446121216,
        0.7488936185836792,
        1.03682279586792,
        0.8463966250419617,
        0.898905873298645,
        0.8834770917892456,
        1.0161528587341309,
        1.1321214437484741,
        1.1900984048843384,
        0.9156241416931152,
        1.2588484287261963,
        0.7341827750205994,
        0.9780712127685547,
        0.9882767796516418,
        0.7473465800285339,
        0.8810198903083801,
        1.0432102680206299,
        1.0664608478546143,
        1.0916293859481812,
        0.8242381811141968,
        1.0967609882354736,
        1.0650321245193481,
        1.233537197113037,
        0.8457199335098267,
        0.9038202166557312,
        1.116321325302124,
        0.9023265838623047,
        0.8843982815742493,
        1.0345903635025024,
        0.8149166107177734,
        1.2736400365829468,
        0.943152129650116,
        0.9406259655952454,
        0.8039731979370117,
        0.8392626047134399
    ],
    "train_acc": [
        0.5354271292686462,
        0.5229259252548217,
        0.5200196743011475,
        0.5204059600830078,
        0.5195268869400025,
        0.5194412469863892,
        0.5206748127937317,
        0.5217116475105286,
        0.5226072549819947,
        0.52234867811203,
        0.5224338650703431,
        0.5226394057273864,
        0.5228795528411865,
        0.5235141634941101,
        0.5234753012657165,
        0.5252169013023377,
        0.5262996673583984,
        0.5270371079444885,
        0.5277528524398803,
        0.5286048889160156,
        0.5319376349449157,
        0.5329100728034973,
        0.5337739944458008,
        0.5354303598403931,
        0.535780668258667,
        0.5407550692558288,
        0.5414057493209838,
        0.5424304008483887,
        0.5425588846206665,
        0.5432881593704224,
        0.5468440413475036,
        0.5480280160903931,
        0.5485973358154297,
        0.5494609951972962,
        0.5495970129966736,
        0.5530557036399841,
        0.5534242153167724,
        0.5538173317909241,
        0.5538636922836304,
        0.5545635342597961,
        0.5572372317314148,
        0.5577791929244995,
        0.5579798340797424,
        0.5583165645599365,
        0.5588241934776306,
        0.5609077572822571,
        0.5611668348312377,
        0.5615494966506958,
        0.5618582844734192,
        0.5620546579360962,
        0.5637179374694824,
        0.5641019225120545,
        0.5643725395202637,
        0.5647156357765197,
        0.5647894501686096,
        0.5667400121688843,
        0.5671909928321839,
        0.5674644351005554,
        0.5678461790084839,
        0.5680313587188721,
        0.5694969177246094,
        0.569733202457428,
        0.5699577689170837,
        0.5702606678009033,
        0.5705030560493469,
        0.5718590259552002,
        0.5719930291175842,
        0.5719406604766846,
        0.5720957040786743,
        0.5722272872924805,
        0.5733959436416626,
        0.5734745502471924,
        0.5736047983169555,
        0.5737654209136963,
        0.573963177204132,
        0.5746089935302734,
        0.5747570157051086,
        0.574883496761322,
        0.5748514652252197,
        0.5749888896942139,
        0.5759159088134765,
        0.5759013414382934,
        0.575978410243988,
        0.5759928584098816,
        0.5761254549026489,
        0.576917314529419,
        0.5769056677818298,
        0.577006733417511,
        0.5770797729492188,
        0.5771968841552735,
        0.5780438542366028,
        0.5780533432960511,
        0.5782323241233825,
        0.5784199237823486,
        0.5785367727279663,
        0.5791169881820679,
        0.5791008710861206,
        0.5792020797729492,
        0.5794405341148376,
        0.579681134223938
    ],
    "val_loss": [
        0.7282277941703796,
        0.7043589949607849,
        0.7071466445922852,
        0.7040119171142578,
        0.701068103313446,
        0.6738101840019226,
        0.6795304417610168,
        0.68017578125,
        0.6953365206718445,
        0.7054061889648438,
        0.7104844450950623,
        0.7286104559898376,
        0.7550303936004639,
        0.7164466381072998,
        0.7632349729537964,
        0.7596662044525146,
        0.7594783902168274,
        0.7841439843177795,
        0.7536087036132812,
        0.7864986062049866,
        0.7861097455024719
    ],
    "val_acc": [
        0.524411964416504,
        0.5187994519869487,
        0.5223340710004171,
        0.5241151650746664,
        0.5304827451705932,
        0.5384964545567831,
        0.5451307773590088,
        0.5512587110201518,
        0.5559366385142008,
        0.5600579539934795,
        0.5629688342412312,
        0.5657500743865966,
        0.5688338478406271,
        0.5713422377904256,
        0.5729607343673706,
        0.5744560360908508,
        0.5755647619565328,
        0.5766313155492147,
        0.5775960803031921,
        0.5789307554562887,
        0.5801937580108643
    ],
    "val_std_loss": [
        0.06604427099227905,
        0.019385097548365593,
        0.0362667553126812,
        0.030196363106369972,
        0.04433963820338249,
        0.03463491052389145,
        0.05867105349898338,
        0.049915019422769547,
        0.093903087079525,
        0.13077208399772644,
        0.1595565676689148,
        0.23040665686130524,
        0.26878535747528076,
        0.10711066424846649,
        0.27005627751350403,
        0.1403731256723404,
        0.16217029094696045,
        0.1957603096961975,
        0.1568191647529602,
        0.1746850609779358,
        0.23737965524196625
    ],