{
    "look_back": 30,
    "based_model": "lstm",
    "inner_lr": 0.005,
    "outer_lr": 0.005,
    "train_loss": [
        0.7007228016853333,
        0.6982300877571106,
        0.7262724876403809,
        0.6904876828193665,
        0.6897622108459472,
        0.6988028287887573,
        0.6900521397590638,
        0.6881170868873596,
        0.6864767789840698,
        0.6884653091430664,
        0.6804285764694213,
        0.65138019323349,
        0.6764616966247559,
        0.6630944609642029,
        0.6757981419563294,
        0.6882479071617127,
        0.691300094127655,
        0.6812699556350708,
        0.6740464806556702,
        0.6594931244850158,
        0.6693315386772156,
        0.6580703973770141,
        0.6401973962783813,
        0.6460199594497681,
        0.6612728238105774,
        0.68319730758667,
        0.6852892279624939,
        0.6822211623191834,
        0.638279914855957,
        0.6401319980621338,
        0.6554488658905029,
        0.6597383856773377,
        0.6922360897064209,
        0.6495176434516907,
        0.6813322186470032,
        0.6750189304351807,
        0.6542593359947204,
        0.669980263710022,
        0.6450992345809936,
        0.645055639743805,
        0.6530617356300354,
        0.6849820137023925,
        0.6320765852928162,
        0.616820466518402,
        0.6271300315856934,
        0.6638919591903687,
        0.6558133959770203,
        0.6479828119277954,
        0.647578501701355,
        0.6442493200302124,
        0.6598905682563782,
        0.6540047645568847,
        0.6507690072059631,
        0.6834685564041137,
        0.6611685276031494,
        0.6723367214202881,
        0.6502413868904113,
        0.6442587971687317,
        0.6661859273910522,
        0.6550110220909119,
        0.6437870264053345,
        0.6940267205238342,
        0.6387675642967224,
        0.631559431552887,
        0.6668538093566895,
        0.6719342231750488,
        0.6257561206817627,
        0.6882416009902954,
        0.6505395650863648,
        0.6436817646026611,
        0.677817451953888,
        0.6619970679283143,
        0.6485792636871338,
        0.70706707239151,
        0.6502615451812744,
        0.6743379592895508,
        0.6787034511566162,
        0.6814625501632691,
        0.7039982438087463,
        0.6514139771461487,
        0.7101991057395936,
        0.6855974197387695,
        0.6842751860618591,
        0.6391010999679565,
        0.6558333396911621,
        0.6845364570617676,
        0.677350115776062,
        0.6432255983352662,
        0.655315613746643,
        0.6511267185211181,
        0.6838463068008422,
        0.6868568420410156,
        0.6633825778961182,
        0.6536377310752869,
        0.6662533164024353,
        0.685653829574585,
        0.6724786400794983,
        0.6649191737174988,
        0.6646443009376526,
        0.6614636182785034
    ],
    "train_acc": [
        0.5055889844894409,
        0.5187753677368164,
        0.517831289768219,
        0.5197408199310303,
        0.5225023031234741,
        0.523997163772583,
        0.5246111154556274,
        0.526715350151062,
        0.5282315015792847,
        0.5291888594627381,
        0.5337079048156739,
        0.5361658215522767,
        0.5390590310096741,
        0.5399361610412597,
        0.5414762258529663,
        0.547196340560913,
        0.5485775589942932,
        0.5498574852943421,
        0.551665210723877,
        0.5535776495933533,
        0.5585474491119384,
        0.5590982556343078,
        0.5605349898338318,
        0.5620634078979492,
        0.5629571914672852,
        0.5671218752861023,
        0.5674570202827454,
        0.5679156541824341,
        0.5690774917602539,
        0.570650315284729,
        0.5743471860885621,
        0.5754180312156677,
        0.5762508153915405,
        0.5769578456878662,
        0.5776107788085938,
        0.580765426158905,
        0.581540298461914,
        0.5822307705879212,
        0.5828879952430726,
        0.5837208151817321,
        0.5862825155258179,
        0.5868005514144897,
        0.5873135089874267,
        0.588269054889679,
        0.5891162872314453,
        0.5914781570434571,
        0.5919135570526123,
        0.5923409104347229,
        0.5924576878547668,
        0.5929077506065369,
        0.5944592237472535,
        0.5948698401451111,
        0.5953203320503235,
        0.5955345511436463,
        0.5955486536026001,
        0.5968888282775879,
        0.597153651714325,
        0.5975152730941773,
        0.5979530930519104,
        0.5983208894729615,
        0.5996934056282044,
        0.5999818563461303,
        0.6002546548843384,
        0.6006195068359375,
        0.6010300517082214,
        0.602001404762268,
        0.6023789286613465,
        0.6027734756469727,
        0.6030607461929322,
        0.6034751176834107,
        0.6047622680664062,
        0.6048273801803589,
        0.6050673842430114,
        0.6052370429039001,
        0.6054185032844543,
        0.6063677787780761,
        0.6065109372138977,
        0.6064691781997681,
        0.6066225886344909,
        0.606766939163208,
        0.6074555873870849,
        0.6074578285217285,
        0.6074839115142823,
        0.6076655387878418,
        0.6079500079154968,
        0.6087571859359742,
        0.6088823795318603,
        0.6089946031570435,
        0.6093138575553894,
        0.6094115972518921,
        0.6101544499397278,
        0.6103402256965638,
        0.6105162262916565,
        0.6107136130332946,
        0.6108780980110169,
        0.6117355346679687,
        0.6118758082389831,
        0.6119693636894226,
        0.6121478199958801,
        0.6122567772865295
    ],
    "val_loss": [
        0.7035831014315287,
        0.6954583326975504,
        0.690743350982666,
        0.6777682781219483,
        0.6724983175595601,
        0.6600833535194397,
        0.6557600378990174,
        0.6571330587069194,
        0.65411563316981,
        0.6464533805847168,
        0.6528488953908285,
        0.6669279972712199,
        0.6530106067657471,
        0.6571901082992554,
        0.6559110681215922,
        0.6646984179814657,
        0.6529412905375163,
        0.6556012431780497,
        0.6566668589909871,
        0.6464196999867757,
        0.660518987973531
    ],
    "val_acc": [
        0.5154408613840739,
        0.5240460991859436,
        0.5317360202471415,
        0.5441604932149251,
        0.5560725410779317,
        0.5653856833775838,
        0.5726991613705953,
        0.579200251897176,
        0.5850382804870605,
        0.5904574950536092,
        0.5936355352401733,
        0.5962475101153056,
        0.5989969372749329,
        0.601389988263448,
        0.6040635943412781,
        0.6059440056482951,
        0.6071959217389424,
        0.6084122657775879,
        0.6098158160845438,
        0.6113538940747579,
        0.6125341137250264
    ]
}